{
    "data": {
        "apartments" : {
            "name": "Apartment",
            "img": [1, 2, 3, 4, 5, 6, 7]
        },
        "civic": {
            "name": "Civic building",
            "img": [8, 9, 10, 11]
        },
        "commercial": {
            "name": "Commercial building",
            "img": [12, 13, 14, 15, 16, 17]
        },
        "parking": {
            "name": "Parking",
            "img": [18, 19, 20, 21]
        },
        "public": {
            "name": "Public building",
            "img": [22, 23, 24, 25, 26, 27, 28, 29, 30, 31, 32]
        },
        "residental": {
            "name": "Residental building", 
            "img": [33, 34, 35, 36, 37 ,38, 39]
        },
        "retail": {
            "name": "Retail building",
            "img": [40, 41, 42, 43, 44, 45, 46]
        },
        "roof": {
            "name": "Roof building",
            "img": [47, 48, 49, 50]
        }
    },
    "type": "jpg",
    "default": "Building",
    "count": 50
}